SwarmSize,SerialTime,ParallelTime,Speedup
100,0.29211,0.63745,0.458247
1000,7.95258,0.975001,8.15649
5000,17.3801,3.41265,5.09285
